{
  "project_info": {
    "project_number": "323130610025",
    "project_id": "drowsee-driver",
    "storage_bucket": "drowsee-driver.appspot.com"
  },
  "client": [
    {
      "client_info": {
        "mobilesdk_app_id": "1:323130610025:android:35b9c800c2a7c5b947edf8",
        "android_client_info": {
          "package_name": "com.example.dashboad_v1"
        }
      },
      "oauth_client": [
        {
          "client_id": "323130610025-gp6gjvgnjjdhv8udr5pkjt994uk6oi02.apps.googleusercontent.com",
          "client_type": 3
        }
      ],
      "api_key": [
        {
          "current_key": "AIzaSyAT-D7FNt-XrBTpoelJP-qApq-t3oLF8CI"
        }
      ],
      "services": {
        "appinvite_service": {
          "other_platform_oauth_client": [
            {
              "client_id": "323130610025-gp6gjvgnjjdhv8udr5pkjt994uk6oi02.apps.googleusercontent.com",
              "client_type": 3
            }
          ]
        }
      }
    }
  ],
  "configuration_version": "1"
}